# Wiktionary (https://en.wiktionary.org), CC BY-SA 4.0. First English
# sense only. Generated by scripts/fetch-wiktionary.ts.
abled	Having a range of physical powers as specified.
admin	Administration, or administrative work.
aider	A person who aids or assists.
among	Of a person or thing: in the midst of and surrounded by (other people or things).
aping	present participle and gerund of ape
arose	simple past of arise
artsy	Alternative form of arty.
awoke	simple past of awake
axion	A hypothetical subatomic particle postulated to resolve certain symmetry problems concerning the strong nuclear force.
baler	A machine for creating bales, e.g., of hay or cotton.
began	simple past of begin
begat	simple past of beget
begun	past participle of begin
bicep	A biceps.
bluer	comparative form of blue: more blue
borne	past participle of bear
bused	simple past and past participle of bus
cacti	plural of cactus
chose	simple past of choose and  chuse
circa	Synonym of around, about, approximately, particularly used with historical dating.
clued	simple past and past participle of clue
clung	simple past and past participle of cling
could	simple past of can
creme	Alternative spelling of crème.
crept	simple past and past participle of creep
cried	simple past and past participle of cry
cutie	A cute person or animal.
cyber	Of, or having to do with, the Internet; alternative form of cyber-.
dealt	simple past and past participle of deal
dilly	Redolent of dill (the herb).
doing	present participle and gerund of do
drank	Dextromethorphan.
droit	A legal right or entitlement.
dwelt	simple past and past participle of dwell
eaten	past participle of eat
eking	The act or process of adding.
emoji	A digital graphic icon with a unique code point used to represent a concept, object, person, animal or place, originally used in Japanese text messaging but since adopted internationally in other contexts such as social media.
eying	present participle and gerund of eye
femme	A woman; a wife;  a young woman or girl.
flown	past participle of fly
flung	simple past and past participle of fling
freed	simple past and past participle of free
freer	One who frees.
fritz	The state of being defective.
froze	simple past of freeze
gamer	A person who plays any kind of game.
gayer	comparative form of gay: more gay
gazer	One who gazes.
geeky	Resembling or characteristic of a geek.
geese	plural of goose
girly	Characteristic of a stereotypical girl, very effeminate, gentle; unmasculine.
golly	A mild expression of surprise or enthusiasm.
haute	Obsolete spelling of haut and haught (“high; haughty”).
humph	A sound, usually made with a closed mouth pouting, indicating annoyance, indignation, disapproval, doubt, or sighing.
hunky	Exhibiting strong, masculine beauty.
hydro	Clipping of hydroelectric.
hyper	Clipping of hyperextension.
inbox	A container in which papers to be dealt with are put.
intel	Intelligence (secret information).
kefir	A fermented milk drink from the Caucasus and Eastern Europe, similar to yogurt but more liquid.
kneed	Having a knee or knees, or, in combination, the stated type of knee or knees.
knelt	simple past and past participle of kneel.
leant	simple past and past participle of lean
leapt	simple past and past participle of leap
login	Credentials: the combination of a user's identification and password used to enter a computer, program, network, etc.
loris	Any of several small, slow-moving primates, of the subfamily Lorisinae, found in India and southeast Asia.
meant	simple past and past participle of mean
media	The middle layer of the wall of a blood vessel or lymph vessel which is composed of connective and muscular tissue.
nerdy	Being or like a nerd.
newer	comparative form of new: more new, more recent.
nicer	comparative form of nice: more nice
odder	comparative form of odd: more odd
ombre	A Spanish card game, usually played by three people. It involves forty cards, omitting the ranks of 8, 9 and 10.
ought	simple past of owe
paler	comparative form of pale: more pale
pence	plural of penny (the subunit of the pound sterling or Irish pound).
piney	Alternative spelling of piny.
plied	This term needs a definition. Please help out and add a definition, then remove the text {{rfdef}}.
pouty	Tending to pout; angry in a childish or cute way; showing mock anger.
pried	simple past and past participle of pry
purer	comparative form of pure: more pure
quoth	Said.
radii	plural of radius
ralph	To vomit.
ramen	Soup noodles of wheat, with various ingredients (Japanese-Chinese style).
rarer	comparative form of rare: more rare
rebar	A steel reinforcing bar in a reinforced concrete structure.
recut	to cut again.
rehab	Rehabilitation, especially to treat the use of recreational drugs.
remix	A rearrangement of an older piece of music, possibly including various cosmetic changes.
riper	comparative form of ripe: more ripe
roger	Received
ruder	comparative form of rude: more rude
safer	comparative form of safe: more safe
saner	comparative form of sane: more sane
shall	Used before a verb to indicate the simple future tense in the first person singular or plural.
shalt	second-person singular simple present indicative of shall
shied	simple past and past participle of shy
shone	simple past and past participle of shine
shown	past participle of show
since	From a specified time in the past.
slept	simple past and past participle of sleep
slung	simple past and past participle of sling
slunk	An animal, especially a calf, born prematurely or abortively.
smote	simple past of smite
snuck	simple past and past participle of sneak
spied	simple past and past participle of spy
spilt	That has been spilled.
stank	simple past of stink
stood	simple past and past participle of stand
stunk	simple past and past participle of stink
suing	present participle and gerund of sue
surer	comparative form of sure: more sure
swore	simple past of swear
swung	simple past and past participle of swing
terra	A geologic and geographic region of a celestial body which is a highland analogous to a continent or large landmass.
their	Belonging to, from, of, or relating to, them (plural).
these	plural of this
those	plural of that
threw	simple past of throw
truer	comparative form of true: more true
turbo	A turbine.
tween	Alternative spelling of 'tween.
twixt	Synonym of betwixt (“between”).
undid	simple past of undo
unmet	Not met.
unset	Not set; not fixed or appointed.
until	Up to the time of (something happening); pending.
voila	Alternative spelling of voilà.
vying	present participle and gerund of vie
where	In, at or to what place.
which	What, of those mentioned or implied.
whose	Of whom, belonging to whom; which person's or people's.
wider	comparative form of wide: more wide
willy	Willing; favourable; ready; eager.
wiser	comparative form of wise: more wise
woken	past participle of wake
women	plural of woman
would	Past tense of will; usually followed by a bare infinitive.
wrote	simple past of write
wrung	simple past and past participle of wring
