aback	2.99
abase	1.56
abate	2.68
abbey	3.88
abbot	3.43
abhor	2.64
abide	3.59
abled	2.29
abode	3.13
abort	3.27
about	6.40
above	5.20
abuse	4.66
abyss	3.40
acorn	3.08
acrid	2.37
actor	4.65
acute	4.00
adage	2.95
adapt	3.98
adept	3.33
admin	3.92
admit	4.58
adobe	3.53
adopt	4.19
adore	3.70
adorn	3.01
adult	4.80
affix	2.63
afire	2.46
afoot	2.89
afoul	2.63
after	6.11
again	5.70
agape	2.65
agate	2.81
agent	4.81
agile	3.41
aging	4.04
aglow	2.21
agony	3.60
agora	2.72
agree	4.97
ahead	5.01
aider	1.94
aisle	3.72
alarm	4.28
album	5.02
alert	4.33
algae	3.54
alibi	3.10
alien	4.29
align	3.63
alike	4.13
alive	4.76
allay	2.69
alley	3.87
allot	2.79
allow	5.01
alloy	3.61
aloft	3.08
aloha	3.09
alone	5.16
along	5.38
aloof	2.99
aloud	3.51
alpha	4.25
altar	3.80
alter	4.05
amass	2.77
amaze	3.19
amber	3.97
amble	2.30
amend	3.55
amiss	2.93
amity	2.89
among	5.31
ample	3.71
amply	2.61
amuse	3.12
angel	4.45
anger	4.42
angle	4.38
angry	4.66
angst	3.26
anime	4.26
ankle	3.97
annex	3.50
annoy	3.46
annul	2.49
anode	2.86
antic	2.33
anvil	3.04
aorta	2.92
apart	4.78
aphid	2.39
aping	2.09
apnea	3.00
apple	4.76
apply	4.81
apron	3.36
aptly	3.12
arbor	3.49
ardor	2.34
arena	4.33
argue	4.46
arise	3.93
armor	3.97
aroma	3.23
arose	3.73
array	4.10
arrow	4.13
arson	3.40
artsy	2.89
ascot	3.06
ashen	2.48
aside	4.59
askew	2.72
aspic	2.09
assay	3.28
asset	4.23
aster	2.81
atoll	2.85
atone	2.86
attic	3.63
audio	4.47
audit	4.04
augur	2.48
aunty	3.16
avail	3.59
avert	3.14
avian	3.14
avoid	4.87
await	3.63
awake	4.14
award	4.88
aware	4.78
awash	2.76
awful	4.46
awoke	3.15
axial	3.15
axiom	3.02
axion	1.93
azure	3.35
bacon	4.15
badge	4.02
badly	4.44
bagel	3.18
baggy	3.16
baker	4.23
baler	2.26
balmy	2.70
banal	2.88
banjo	3.27
barge	3.50
baron	3.88
basal	3.40
basic	4.89
basil	3.65
basin	4.08
basis	4.81
baste	2.39
batch	3.91
bathe	3.22
baton	3.64
batty	2.79
bawdy	2.56
bayou	3.14
beach	4.92
beady	2.48
beard	4.07
beast	4.29
beech	3.27
beefy	2.74
befit	2.07
began	5.07
begat	2.41
beget	2.39
begin	4.84
begun	4.36
beige	3.30
being	5.95
belch	2.27
belie	2.45
belle	3.79
belly	4.10
below	5.05
bench	4.39
beret	2.92
berry	3.97
berth	3.44
beset	3.08
betel	2.53
bevel	2.61
bezel	2.80
bible	4.54
bicep	2.72
biddy	2.39
bigot	3.18
bilge	2.67
billy	4.33
binge	3.60
bingo	3.71
biome	2.73
birch	3.50
birth	4.77
bison	3.26
bitty	2.79
black	5.46
blade	4.19
blame	4.63
bland	3.50
blank	4.14
blare	2.39
blast	4.32
blaze	3.69
bleak	3.43
bleat	2.12
bleed	3.72
bleep	3.08
blend	3.95
bless	4.17
blimp	2.78
blind	4.52
blink	3.73
bliss	3.78
blitz	3.57
bloat	2.60
block	4.88
bloke	3.55
blond	3.55
blood	5.10
bloom	3.93
blown	4.21
bluer	2.22
bluff	3.58
blunt	3.90
blurb	2.79
blurt	2.48
blush	3.56
board	5.24
boast	3.51
bobby	4.22
boney	2.50
bongo	2.87
bonus	4.45
booby	2.98
boost	4.41
booth	4.10
booty	3.59
booze	3.65
boozy	2.52
borax	2.48
borne	3.67
bosom	3.05
bossy	2.97
botch	2.40
bough	2.73
boule	2.12
bound	4.46
bowel	3.55
boxer	3.74
brace	3.72
braid	3.24
brain	4.94
brake	3.95
brand	4.83
brash	2.95
brass	4.05
brave	4.33
bravo	3.77
brawl	3.53
brawn	2.76
bread	4.50
break	5.18
breed	4.08
briar	2.86
bribe	3.50
brick	4.25
bride	4.08
brief	4.52
brine	3.07
bring	5.27
brink	3.51
briny	2.20
brisk	3.20
broad	4.53
broil	2.44
broke	4.85
brood	3.25
brook	3.74
broom	3.42
broth	3.39
brown	5.01
brunt	3.12
brush	4.23
brute	3.42
buddy	4.40
budge	3.23
buggy	3.32
bugle	2.92
build	5.04
built	5.07
bulge	3.24
bulky	3.30
bully	3.87
bunch	4.57
bunny	3.88
burly	2.82
burnt	4.03
burst	4.15
bused	2.11
bushy	2.98
butch	3.37
butte	3.09
buxom	2.38
buyer	4.03
bylaw	2.60
cabal	3.04
cabby	1.95
cabin	4.13
cable	4.54
cacao	2.86
cache	3.63
cacti	2.75
caddy	2.96
cadet	3.35
cagey	2.39
cairn	2.87
camel	3.64
cameo	3.48
canal	4.22
candy	4.29
canny	2.89
canoe	3.50
canon	4.11
caper	2.86
capon	2.19
caput	2.08
carat	3.15
cargo	4.19
carol	4.02
carom	1.97
carry	4.89
carve	3.41
caste	3.60
catch	4.87
cater	3.55
catty	2.56
caulk	2.29
cause	5.35
cavil	2.04
cease	4.03
cedar	3.76
cello	3.29
chafe	2.40
chaff	2.75
chain	4.65
chair	4.69
chalk	3.69
champ	3.90
chant	3.60
chaos	4.27
chard	2.71
charm	4.12
chart	4.47
chase	4.44
chasm	2.96
cheap	4.71
cheat	4.06
check	5.31
cheek	3.96
cheer	4.06
chess	3.94
chest	4.52
chick	4.08
chide	2.18
chief	5.11
child	5.30
chili	3.73
chill	4.18
chime	3.14
china	5.10
chirp	2.79
chock	2.86
choir	3.88
choke	3.72
chord	3.65
chore	3.15
chose	4.55
chuck	4.17
chump	2.91
chunk	3.64
churn	3.07
chute	3.19
cider	3.50
cigar	3.57
cinch	2.65
circa	3.57
civic	4.00
civil	4.93
clack	2.61
claim	4.95
clamp	3.45
clang	2.63
clank	2.66
clash	3.97
clasp	3.10
class	5.36
clean	4.97
clear	5.25
cleat	2.37
cleft	2.94
clerk	4.00
click	4.82
cliff	4.10
climb	4.22
cling	3.49
clink	2.62
cloak	3.57
clock	4.43
clone	3.68
close	5.36
cloth	4.03
cloud	4.46
clout	3.23
clove	2.91
clown	3.93
cluck	2.32
clued	2.40
clump	2.94
clung	2.98
clunk	2.23
coach	4.96
coast	4.87
cobra	3.51
cocoa	3.64
colic	2.65
colon	3.60
color	4.91
comet	3.64
comfy	3.63
comic	4.42
comma	3.27
conch	2.79
condo	3.63
conic	2.42
copse	2.34
coral	3.86
corer	1.58
corny	3.23
couch	4.17
cough	3.95
could	6.06
count	4.83
coupe	3.34
court	5.41
coven	3.00
cover	5.08
covet	2.82
covey	2.61
cower	2.55
coyly	2.08
crack	4.41
craft	4.30
cramp	3.04
crane	3.92
crank	3.61
crash	4.55
crass	2.96
crate	3.47
crave	3.47
crawl	3.77
craze	3.35
crazy	5.07
creak	2.52
cream	4.62
credo	2.77
creed	3.70
creek	4.37
creep	3.84
creme	3.12
crepe	2.87
crept	3.15
cress	2.49
crest	3.65
crick	2.80
cried	4.19
crier	2.42
crime	4.89
crimp	2.61
crisp	3.70
croak	2.40
crock	3.03
crone	2.60
crony	2.73
crook	3.41
cross	5.00
croup	2.23
crowd	4.70
crown	4.56
crude	4.00
cruel	4.12
crumb	2.97
crump	2.75
crush	4.17
crust	3.70
crypt	3.10
cubic	3.71
cubit	2.07
cumin	3.01
curio	2.43
curly	3.60
curry	3.96
curse	4.07
curve	4.14
curvy	3.15
cutie	3.32
cyber	3.98
cycle	4.60
cynic	2.81
daddy	4.36
daily	5.07
dairy	4.09
daisy	3.78
dally	2.78
dance	4.93
dandy	3.25
datum	2.52
daunt	2.04
dealt	4.20
death	5.40
debar	1.96
debit	3.62
debug	2.86
debut	4.52
decal	3.01
decay	3.83
decor	3.65
decoy	3.04
decry	2.60
defer	3.20
deign	2.26
deity	3.55
delay	4.40
delta	4.12
delve	3.14
demon	4.06
demur	1.78
denim	3.52
dense	3.98
depot	3.95
depth	4.55
derby	4.10
deter	3.48
detox	3.29
deuce	2.94
devil	4.30
diary	4.09
dicey	2.67
digit	3.77
dilly	2.64
dimly	2.79
diner	3.48
dingo	2.75
dingy	2.82
diode	3.06
dirge	2.38
dirty	4.55
disco	3.78
ditch	3.90
ditto	3.38
ditty	2.58
diver	3.41
divot	2.12
dizzy	3.43
dodge	3.93
dodgy	3.32
dogma	3.27
doing	5.60
dolly	3.54
donor	3.92
donut	3.31
dopey	2.68
doubt	4.90
dough	3.86
dowdy	2.41
dowel	2.38
downy	2.60
dowry	3.13
dozen	4.35
draft	4.61
drain	4.07
drake	3.96
drama	4.67
drank	3.95
drape	2.74
drawl	2.48
drawn	4.53
dread	3.64
dream	4.91
dress	4.76
dried	4.04
drier	3.19
drift	3.82
drill	4.09
drink	4.90
drive	5.13
droit	2.50
droll	2.58
drone	4.00
drool	3.04
droop	2.51
dross	2.37
drove	4.36
drown	3.68
druid	2.99
drunk	4.61
dryer	3.54
dryly	2.33
duchy	3.00
dully	1.87
dummy	3.64
dumpy	2.32
dunce	2.50
dusky	2.83
dusty	3.67
dutch	4.41
duvet	2.99
dwarf	3.75
dwell	3.57
dwelt	2.65
dying	4.63
eager	4.03
eagle	4.13
early	5.43
earth	5.06
easel	2.68
eaten	4.13
eater	3.42
ebony	3.34
eclat	1.67
edict	3.10
edify	1.96
eerie	3.33
egret	2.32
eight	5.02
eject	2.99
eking	1.94
elate	1.33
elbow	3.84
elder	4.06
elect	4.03
elegy	2.71
elfin	2.26
elide	1.75
elite	4.40
elope	2.50
elude	2.78
email	4.68
embed	2.94
ember	2.97
emcee	2.73
emoji	3.23
empty	4.59
enact	3.43
endow	2.43
enema	2.85
enemy	4.70
enjoy	5.09
ennui	2.41
ensue	2.91
enter	4.81
entry	4.67
envoy	3.48
epoch	3.19
epoxy	3.10
equal	4.65
equip	3.50
erase	3.66
erect	3.52
erode	3.03
error	4.55
erupt	2.97
essay	4.23
ester	3.06
ether	3.40
ethic	3.54
ethos	3.32
etude	2.57
evade	3.39
event	5.18
every	5.79
evict	2.97
evoke	3.27
exact	4.51
exalt	2.60
excel	3.73
exert	3.36
exile	3.84
exist	4.73
expel	3.26
extol	2.30
extra	4.98
exult	1.80
eying	2.14
fable	3.16
facet	3.18
faint	3.78
fairy	4.08
faith	4.82
false	4.63
fancy	4.35
fanny	3.47
farce	3.33
fatal	4.10
fatty	3.80
fault	4.64
fauna	3.52
favor	4.58
feast	3.95
fecal	3.01
feign	2.58
fella	3.49
felon	3.17
femme	3.19
femur	3.00
fence	4.21
feral	3.29
ferry	4.02
fetal	3.40
fetch	3.65
fetid	2.29
fetus	3.60
fever	4.22
fewer	4.31
fiber	4.06
fibre	3.67
ficus	2.42
field	5.24
fiend	3.10
fiery	3.57
fifth	4.78
fifty	4.29
fight	5.23
filer	2.45
filet	2.80
filly	3.15
filmy	2.13
filth	3.41
final	5.28
finch	3.55
finer	3.40
first	6.11
fishy	3.28
fixer	3.04
fizzy	2.82
fjord	2.81
flack	2.95
flail	2.55
flair	3.54
flake	3.21
flaky	2.87
flame	4.07
flank	3.64
flare	3.64
flash	4.45
flask	3.20
fleck	2.57
fleet	4.33
flesh	4.20
flick	3.63
flier	2.92
fling	3.33
flint	3.77
flirt	3.52
float	3.94
flock	3.69
flood	4.34
floor	4.94
flora	3.70
floss	3.18
flour	4.00
flout	2.25
flown	3.83
fluff	3.20
fluid	4.22
fluke	3.14
flume	2.81
flung	3.33
flunk	2.17
flush	3.80
flute	3.52
flyer	3.58
foamy	2.41
focal	3.67
focus	5.00
foggy	3.19
foist	2.14
folio	3.11
folly	3.34
foray	3.04
force	5.23
forge	3.78
forgo	2.99
forte	3.24
forth	4.40
forty	4.20
forum	4.38
found	5.68
foyer	3.09
frail	3.28
frame	4.58
frank	4.75
fraud	4.37
freak	4.08
freed	3.85
freer	2.99
fresh	4.83
friar	3.04
fried	4.06
frill	2.31
frisk	2.92
fritz	3.42
frock	2.88
frond	2.23
front	5.28
frost	3.95
froth	2.75
frown	3.26
froze	3.42
fruit	4.57
fudge	3.33
fugue	2.73
fully	4.89
fungi	3.48
funky	3.63
funny	5.02
furor	2.52
furry	3.56
fussy	3.04
fuzzy	3.65
gaffe	2.66
gaily	2.20
gamer	3.62
gamma	3.70
gamut	2.87
gassy	2.38
gaudy	2.83
gauge	4.02
gaunt	2.90
gauze	2.89
gavel	2.66
gawky	1.91
gayer	2.37
gayly	1.17
gazer	1.96
gecko	2.91
geeky	2.94
geese	3.35
genie	3.41
genre	4.17
geode	2.06
ghost	4.42
ghoul	2.89
giant	4.62
giddy	3.22
gipsy	2.65
girly	3.23
girth	2.92
given	5.41
giver	3.20
gizmo	2.61
glade	2.78
gland	3.38
glare	3.36
glass	4.85
glaze	3.28
gleam	2.97
glean	2.73
glide	3.33
glint	2.65
gloat	2.62
globe	4.28
gloom	3.31
glory	4.36
gloss	3.47
glove	3.73
glyph	2.70
gnash	2.03
gnome	3.20
godly	3.26
gofer	1.69
going	5.94
golem	2.79
golly	2.71
gonad	1.88
goner	2.45
goody	3.04
gooey	2.86
goofy	3.57
goose	3.84
gorge	3.40
gouge	2.71
gourd	2.82
grace	4.56
grade	4.80
graft	3.47
grail	3.46
grain	4.18
grand	4.91
grant	4.67
grape	3.70
graph	4.05
grasp	3.97
grass	4.38
grate	3.17
grave	4.31
gravy	3.48
graze	3.02
great	5.88
greed	3.73
green	5.13
greet	3.73
grief	4.08
grill	3.84
grime	3.09
grimy	2.76
grind	3.94
gripe	2.81
groan	3.12
groin	3.26
groom	3.63
grope	2.68
gross	4.45
group	5.57
grout	2.83
grove	3.94
growl	3.14
grown	4.67
gruel	2.44
gruff	2.81
grunt	3.15
guard	4.73
guava	2.61
guess	5.17
guest	4.58
guide	4.75
guild	3.93
guile	2.75
guilt	4.13
guise	3.47
gulch	2.78
gully	3.11
gumbo	2.70
gummy	2.97
gunky	1.42
guppy	2.49
gusto	3.00
gusty	2.59
gypsy	3.55
habit	4.24
hairy	3.80
halve	2.60
handy	3.97
happy	5.35
hardy	3.86
harem	3.13
harpy	2.50
harry	4.72
harsh	4.14
haste	3.37
hasty	3.29
hatch	3.82
hater	3.14
haunt	3.54
haute	3.20
haven	4.13
havoc	3.50
hazel	3.54
heady	2.93
heard	5.27
heart	5.31
heath	3.76
heave	2.90
heavy	4.96
hedge	3.74
hefty	3.36
heist	3.39
helix	3.26
hello	4.72
hence	4.38
heron	3.09
hilly	3.17
hinge	3.32
hippo	3.13
hippy	3.00
hitch	3.42
hoard	3.23
hobby	3.94
hoist	3.12
holly	3.88
homer	3.89
honey	4.37
honor	4.69
horde	3.23
horny	3.79
horse	4.76
hotel	4.95
hotly	2.93
hound	3.43
house	5.71
hovel	2.31
hover	3.26
howdy	3.08
human	5.35
humid	3.50
humor	4.19
humph	2.18
humus	2.38
hunch	3.07
hunky	2.72
hurry	4.14
husky	3.29
hussy	2.17
hutch	3.04
hydra	3.31
hydro	3.63
hyena	2.80
hymen	2.57
hyper	3.69
icily	1.64
icing	3.49
ideal	4.44
idiom	2.97
idiot	4.39
idler	2.30
idyll	2.44
igloo	2.64
iliac	2.36
image	4.94
imbue	2.42
impel	2.36
imply	3.83
inane	2.70
inbox	3.51
incur	3.30
index	4.57
inept	3.13
inert	3.09
infer	3.16
ingot	2.38
inlay	2.68
inlet	3.45
inner	4.50
input	4.35
intel	4.07
inter	4.16
intro	3.81
ionic	3.21
irate	2.78
irony	3.86
islet	2.76
issue	5.23
itchy	3.34
ivory	3.85
jaunt	2.60
jazzy	3.00
jelly	3.77
jerky	3.10
jetty	3.04
jewel	3.68
jiffy	2.64
joint	4.71
joist	2.25
joker	3.74
jolly	3.57
joust	2.47
judge	4.95
juice	4.36
juicy	3.70
jumbo	3.38
jumpy	2.67
junta	3.34
junto	1.88
juror	3.13
kappa	3.46
karma	3.88
kayak	3.24
kebab	3.03
kefir	2.13
khaki	3.04
kinky	3.37
kiosk	3.00
kitty	3.98
knack	3.26
knave	2.50
knead	2.57
kneed	2.44
kneel	3.24
knell	2.59
knelt	2.80
knife	4.41
knock	4.35
knoll	2.90
known	5.39
koala	3.04
krill	2.63
label	4.43
labor	4.77
laden	3.74
ladle	2.66
lager	3.16
lance	3.94
lanky	2.73
lapel	2.77
lapse	3.49
large	5.39
larva	2.99
lasso	2.74
latch	3.34
later	5.49
lathe	2.91
latte	3.30
laugh	4.66
layer	4.40
leach	3.25
leafy	3.30
leaky	3.06
leant	2.43
leapt	3.05
learn	5.17
lease	4.17
leash	3.47
least	5.44
leave	5.34
ledge	3.41
leech	3.17
leery	2.58
lefty	3.25
legal	5.08
leggy	2.48
lemon	4.10
lemur	2.57
leper	2.79
level	5.41
lever	3.64
libel	3.34
liege	2.95
light	5.33
liken	2.57
lilac	3.11
limbo	3.31
limit	4.70
linen	3.61
liner	3.75
lingo	3.01
lipid	3.29
lithe	2.48
liven	2.63
liver	4.18
livid	2.99
llama	2.95
loamy	2.22
loath	2.67
lobby	4.03
local	5.43
locus	3.18
lodge	4.08
lofty	3.34
logic	4.36
login	3.49
loopy	2.67
loose	4.46
loris	2.33
lorry	3.21
loser	4.01
louse	2.60
lousy	3.31
lover	4.26
lower	5.11
lowly	3.27
loyal	4.20
lucid	3.27
lucky	4.77
lumen	3.09
lumpy	2.84
lunar	3.77
lunch	4.66
lunge	2.85
lupus	3.20
lurch	2.79
lurid	2.73
lusty	2.80
lying	4.67
lymph	3.20
lynch	3.94
lyric	3.63
macaw	2.33
macho	3.26
macro	3.71
madam	3.59
madly	3.17
mafia	3.83
magic	4.76
magma	3.19
maize	3.34
major	5.30
maker	4.23
mambo	2.78
mamma	3.32
mammy	2.62
manga	3.97
mange	2.50
mango	3.56
mangy	2.10
mania	3.44
manic	3.32
manly	3.66
manor	3.81
maple	3.86
march	5.26
marry	4.40
marsh	3.87
mason	4.14
masse	3.15
match	5.13
matey	2.50
matte	3.52
mauve	2.71
maven	2.88
maxim	3.39
maybe	5.45
mayor	4.62
mealy	2.40
meant	4.94
meaty	3.01
mecca	3.38
medal	4.39
media	5.30
medic	3.42
melee	3.22
melon	3.32
mercy	4.25
merge	3.75
merit	4.08
merry	3.83
messy	3.87
metal	4.82
meter	4.09
metro	4.18
micro	4.08
midge	2.76
midst	3.89
might	5.66
milky	3.50
mimic	3.49
mince	3.02
miner	3.58
minim	1.99
minor	4.62
minty	2.69
minus	4.00
mirth	2.62
miser	2.56
missy	3.26
mocha	2.98
modal	3.13
model	5.13
modem	3.40
mogul	3.07
moist	3.69
molar	2.99
moldy	2.69
money	5.64
month	5.25
mooch	2.43
moody	3.70
moose	3.61
moral	4.46
moron	3.75
morph	3.07
mossy	2.64
motel	3.61
motif	3.40
motor	4.53
motto	3.72
moult	2.25
mound	3.60
mount	4.47
mourn	3.43
mouse	4.31
mouth	4.83
mover	3.21
movie	5.16
mower	3.10
mucky	2.29
mucus	3.15
muddy	3.60
muggy	2.53
mulch	2.90
mummy	3.57
munch	3.08
mural	3.49
murky	3.12
mushy	2.94
music	5.52
musky	2.43
musty	2.83
myrrh	2.56
nadir	2.86
naive	3.75
nanny	3.59
nasal	3.49
nasty	4.22
natal	3.41
naval	4.24
navel	2.95
needy	3.58
neigh	2.49
nerdy	3.17
nerve	4.19
nervy	2.25
never	5.91
newer	3.94
newly	4.42
nicer	3.65
niche	3.85
niece	3.82
nifty	3.17
night	5.61
ninja	3.87
ninny	1.93
ninth	4.07
noble	4.24
nobly	2.39
noise	4.55
noisy	3.67
nomad	3.07
noose	2.98
north	5.34
nosey	2.55
notch	3.78
novel	4.63
nudge	3.22
nurse	4.40
nutty	3.19
nylon	3.42
nymph	2.87
oaken	1.94
oasis	3.56
obese	3.68
occur	4.47
ocean	4.70
octal	2.13
octet	2.24
odder	2.10
oddly	3.56
offal	2.51
offer	5.05
often	5.41
olden	2.84
older	4.92
olive	4.09
ombre	2.59
omega	3.78
onion	3.89
onset	3.72
oomph	2.62
opera	4.27
opine	2.30
opium	3.46
optic	3.65
orbit	4.03
order	5.49
organ	4.14
other	6.16
otter	3.37
ought	4.35
ounce	3.80
outdo	2.72
outer	4.25
outgo	1.34
ovary	2.94
ovate	2.58
overt	3.31
ovine	1.68
ovoid	2.42
owing	3.73
owner	4.83
oxide	3.66
ozone	3.42
paddy	3.62
pagan	3.56
pager	2.63
paint	4.52
paler	2.87
palsy	3.20
panel	4.55
panic	4.26
pansy	2.77
papal	3.40
paper	5.07
parer	1.55
parka	2.76
parry	3.44
parse	2.98
party	5.49
pasta	3.92
paste	3.91
pasty	2.88
patch	4.20
patio	3.44
patsy	3.12
patty	3.58
pause	4.00
payee	2.29
payer	3.22
peace	5.02
peach	3.77
pearl	4.14
pecan	2.93
pedal	3.64
penal	3.46
pence	3.66
penne	2.47
penny	4.07
perch	3.29
peril	3.40
perky	2.95
pesky	3.10
pesto	2.88
petal	3.04
petty	4.07
phase	4.64
phone	5.30
phony	3.35
photo	4.97
piano	4.31
picky	3.34
piece	5.04
piety	3.09
piggy	3.30
pilot	4.52
pinch	3.76
piney	2.48
pinky	3.39
pinto	3.12
piper	3.68
pique	2.93
pitch	4.43
pithy	2.61
pivot	3.50
pixel	3.72
pixie	3.15
pizza	4.43
place	5.71
plaid	3.33
plain	4.43
plait	2.42
plane	4.72
plank	3.46
plant	4.89
plate	4.55
plaza	3.91
plead	3.63
pleat	2.19
plied	2.56
plier	1.66
pluck	3.13
plumb	2.92
plume	3.19
plump	3.19
plunk	2.11
plush	3.33
poesy	1.66
point	5.54
poise	3.04
poker	3.97
polar	3.96
polka	3.20
polyp	2.39
pooch	2.97
poppy	3.59
porch	3.85
poser	2.67
posit	2.76
posse	3.18
pouch	3.43
pound	4.32
pouty	2.38
power	5.52
prank	3.70
prawn	2.87
preen	2.16
press	5.16
price	5.23
prick	3.60
pride	4.49
pried	2.39
prime	4.81
primo	2.99
print	4.54
prior	4.85
prism	3.44
privy	3.46
prize	4.59
probe	3.99
prone	3.93
prong	2.80
proof	4.70
prose	3.72
proud	4.78
prove	4.77
prowl	2.75
proxy	3.73
prude	2.58
prune	2.96
psalm	3.56
pshaw	1.79
pubic	3.07
pudgy	2.47
puffy	3.13
pulpy	2.23
pulse	4.06
punch	4.32
pupal	2.15
pupil	3.81
puppy	4.00
puree	2.87
purer	2.53
purge	3.57
purse	3.95
pushy	3.00
putty	2.89
pygmy	2.72
quack	3.06
quail	3.13
quake	3.45
qualm	1.89
quark	3.05
quart	3.01
quash	2.75
quasi	3.49
queen	4.86
queer	3.76
quell	3.00
query	3.64
quest	4.27
queue	3.78
quick	4.98
quiet	4.65
quill	3.11
quilt	3.25
quirk	3.13
quite	5.29
quota	3.53
quote	4.51
quoth	2.08
rabbi	3.69
rabid	3.13
racer	3.45
radar	4.20
radii	2.55
radio	5.01
rainy	3.74
raise	4.75
rajah	2.65
rally	4.34
ralph	4.10
ramen	3.35
ranch	4.03
randy	3.92
range	5.12
rapid	4.38
rarer	3.05
raspy	2.64
ratio	4.37
ratty	2.47
raven	3.79
rayon	2.99
razor	3.72
reach	4.94
react	4.16
ready	5.28
realm	4.06
rearm	2.14
rebar	2.57
rebel	4.08
rebus	2.53
rebut	2.60
recap	3.45
recur	2.65
recut	2.13
reedy	2.56
refer	4.45
refit	2.67
regal	3.34
rehab	3.79
reign	4.07
relax	4.29
relay	3.86
relic	3.37
remit	3.09
remix	3.99
renal	3.44
renew	3.73
repay	3.66
repel	3.20
reply	4.50
rerun	2.90
reset	3.83
resin	3.61
retch	2.04
retro	3.73
retry	2.57
reuse	3.37
revel	3.11
revue	3.07
rhino	3.57
rhyme	3.56
rider	4.02
ridge	4.12
rifle	4.18
right	5.96
rigid	3.75
rigor	3.07
rinse	3.48
ripen	2.64
riper	1.95
risen	3.86
riser	2.88
risky	3.94
rival	4.18
river	5.03
rivet	2.69
roach	3.44
roast	3.87
robin	4.33
robot	4.24
rocky	4.16
rodeo	3.47
roger	4.39
rogue	3.89
roomy	2.67
roost	3.00
rotor	3.42
rouge	3.66
rough	4.49
round	5.14
rouse	3.10
route	4.67
rover	3.76
rowdy	3.21
rower	3.11
royal	4.85
ruddy	3.01
ruder	2.13
rugby	4.40
ruler	3.84
rumba	2.63
rumor	3.73
runny	2.94
rupee	3.04
rural	4.59
rusty	3.61
sadly	4.18
safer	4.09
saint	4.41
salad	4.15
sally	3.97
salon	3.87
salsa	3.53
salty	3.74
salve	2.81
salvo	2.86
sandy	4.19
saner	2.25
sappy	2.68
sassy	3.21
satin	3.39
satyr	2.47
sauce	4.30
saucy	2.90
sauna	3.25
saute	2.46
savor	2.98
savoy	3.09
savvy	3.56
scald	2.17
scale	4.83
scalp	3.48
scaly	2.81
scamp	2.32
scant	3.10
scare	4.07
scarf	3.68
scary	4.37
scene	4.97
scent	3.82
scion	3.03
scoff	2.78
scold	2.81
scone	2.74
scoop	3.69
scope	4.26
score	4.83
scorn	3.13
scour	2.97
scout	3.97
scowl	2.51
scram	2.35
scrap	3.90
scree	2.31
screw	4.25
scrub	3.69
scrum	3.25
scuba	3.31
sedan	3.55
seedy	2.83
segue	2.56
seize	3.80
semen	3.38
sense	5.19
sepia	2.78
serif	2.64
serum	3.74
serve	4.85
setup	4.09
seven	5.08
sever	3.15
sewer	3.64
shack	3.43
shade	4.16
shady	3.71
shaft	3.90
shake	4.33
shaky	3.45
shale	3.69
shall	5.03
shalt	3.34
shame	4.55
shank	3.07
shape	4.72
shard	3.00
share	5.20
shark	4.10
sharp	4.48
shave	3.83
shawl	3.17
shear	3.40
sheen	3.34
sheep	4.19
sheer	4.01
sheet	4.40
sheik	3.10
shelf	4.02
shell	4.39
shied	2.51
shift	4.57
shill	2.68
shine	4.17
shiny	3.88
shire	3.47
shirk	2.66
shirt	4.63
shoal	2.93
shock	4.46
shone	3.23
shook	4.05
shoot	4.73
shore	4.33
shorn	2.53
short	5.33
shout	4.06
shove	3.66
shown	4.90
showy	2.79
shred	3.32
shrew	2.75
shrub	3.19
shrug	3.30
shuck	2.37
shunt	2.82
shush	2.75
shyly	2.42
siege	3.93
sieve	3.00
sight	4.54
sigma	3.51
silky	3.26
silly	4.39
since	5.75
sinew	2.33
singe	2.43
siren	3.46
sissy	3.23
sitar	2.41
sixth	4.38
sixty	3.93
skate	3.74
skier	3.20
skiff	2.63
skill	4.42
skimp	2.52
skirt	3.96
skulk	1.89
skull	4.09
skunk	3.10
slack	3.71
slain	3.54
slang	3.55
slant	3.18
slash	3.65
slate	3.82
slave	4.31
sleek	3.34
sleep	5.05
sleet	2.83
slept	4.18
slice	4.00
slick	3.71
slide	4.30
slime	3.38
slimy	3.08
sling	3.34
slink	2.38
sloop	2.80
slope	3.90
slosh	2.10
sloth	3.10
slump	3.36
slung	2.85
slunk	1.97
slurp	2.56
slush	2.99
slyly	2.46
smack	3.64
small	5.51
smart	4.83
smash	4.09
smear	3.46
smell	4.49
smelt	2.99
smile	4.64
smirk	3.04
smite	2.93
smith	4.89
smock	2.57
smoke	4.67
smoky	3.33
smote	2.30
snack	3.90
snail	3.67
snake	4.23
snaky	1.72
snare	3.25
snarl	2.62
sneak	3.99
sneer	2.70
snide	2.59
sniff	3.44
snipe	3.04
snoop	3.40
snore	2.76
snort	3.01
snout	3.08
snowy	3.46
snuck	3.27
snuff	3.15
soapy	2.75
sober	3.94
soggy	3.14
solar	4.53
solid	4.73
solve	4.42
sonar	3.30
sonic	3.93
sooth	2.37
sooty	2.51
sorry	5.18
sound	5.15
soupy	2.28
south	5.40
sower	2.17
space	5.23
spade	3.33
spank	3.08
spare	4.28
spark	3.99
spasm	2.83
spawn	3.38
speak	5.03
spear	3.70
speck	3.02
speed	5.00
spell	4.37
spelt	3.18
spend	4.97
spent	5.02
sperm	3.84
spice	3.94
spicy	3.80
spied	3.08
spiel	2.66
spike	3.96
spiky	2.75
spill	3.84
spilt	2.91
spine	3.93
spiny	2.64
spire	3.11
spite	4.04
splat	2.70
split	4.65
spoil	3.81
spoke	4.61
spoof	3.10
spook	2.88
spool	2.84
spoon	3.88
spore	3.00
sport	4.73
spout	3.11
spray	4.18
spree	3.56
sprig	2.43
spunk	2.66
spurn	2.36
spurt	2.84
squad	4.67
squat	3.48
squib	2.29
stack	4.05
staff	5.08
stage	5.10
staid	2.58
stain	3.70
stair	3.26
stake	4.15
stale	3.43
stalk	3.46
stall	3.79
stamp	4.11
stand	5.14
stank	2.76
stare	3.91
stark	4.01
start	5.56
stash	3.54
state	5.78
stave	3.04
stead	3.19
steak	3.97
steal	4.41
steam	4.52
steed	2.95
steel	4.71
steep	3.99
steer	3.72
stein	3.65
stern	3.90
stick	4.76
stiff	3.90
still	5.92
stilt	2.37
sting	3.80
stink	3.46
stint	3.61
stock	4.93
stoic	3.15
stoke	3.73
stole	4.21
stomp	3.25
stone	4.80
stony	3.30
stood	4.57
stool	3.52
stoop	3.14
store	5.02
stork	2.88
storm	4.66
story	5.45
stout	3.45
stove	3.71
strap	3.79
straw	3.99
stray	3.74
strip	4.36
strut	3.16
stuck	4.68
study	5.26
stuff	5.14
stump	3.45
stung	3.28
stunk	2.39
stunt	3.86
style	5.11
suave	2.90
sugar	4.68
suing	3.50
suite	4.18
sulky	2.33
sully	3.11
sumac	2.34
sunny	4.07
super	5.08
surer	2.18
surge	3.82
surly	2.85
sushi	3.68
swami	3.04
swamp	3.84
swarm	3.44
swash	2.21
swath	2.83
swear	4.51
sweat	4.14
sweep	3.97
sweet	4.91
swell	3.64
swept	3.94
swift	4.15
swill	2.32
swine	3.46
swing	4.34
swirl	3.16
swish	2.89
swoon	2.88
swoop	3.20
sword	4.37
swore	3.53
sworn	3.90
swung	3.47
synod	3.32
syrup	3.76
tabby	2.79
table	5.05
taboo	3.47
tacit	2.94
tacky	3.18
taffy	2.71
taint	2.98
taken	5.33
taker	3.23
tally	3.62
talon	2.97
tamer	2.74
tango	3.58
tangy	2.64
taper	3.30
tapir	2.29
tardy	2.69
tarot	3.12
taste	4.73
tasty	3.84
tatty	2.19
taunt	2.96
tawny	2.77
teach	4.67
teary	2.84
tease	3.59
teddy	3.88
teeth	4.58
tempo	3.74
tenet	3.00
tenor	3.40
tense	3.95
tenth	3.92
tepee	2.03
tepid	2.71
terra	3.44
terse	2.67
testy	2.54
thank	5.48
theft	4.13
their	6.33
theme	4.62
there	6.31
these	6.04
theta	3.16
thick	4.46
thief	3.88
thigh	3.73
thing	5.72
think	6.08
third	5.32
thong	3.16
thorn	3.48
those	5.90
three	5.78
threw	4.46
throb	2.68
throw	4.83
thrum	1.97
thumb	4.01
thump	2.97
thyme	3.07
tiara	2.98
tibia	2.90
tidal	3.70
tiger	4.30
tight	4.57
tilde	2.19
timer	3.68
timid	3.25
tinge	2.83
tipsy	2.87
titan	3.69
tithe	2.88
title	5.10
tizzy	2.27
toady	2.14
toast	3.96
today	5.55
toddy	2.55
token	3.82
tonal	3.09
tonga	3.10
tonic	3.39
tooth	4.08
topaz	2.87
topic	4.49
torch	3.74
torso	3.41
torus	2.57
total	5.21
totem	3.09
touch	4.91
tough	4.77
towel	3.94
tower	4.50
toxic	4.24
toxin	3.30
trace	4.19
track	5.02
tract	3.71
trade	5.12
trail	4.45
train	4.96
trait	3.69
tramp	3.21
trash	4.42
trawl	2.65
tread	3.52
treat	4.75
trend	4.51
triad	3.23
trial	4.87
tribe	4.12
trice	2.40
trick	4.48
tried	5.16
tripe	2.71
trite	2.80
troll	3.73
troop	3.69
trope	3.10
trout	3.78
trove	3.04
truce	3.52
truck	4.64
truer	2.97
truly	4.87
trump	4.93
trunk	4.03
truss	3.29
trust	5.13
truth	5.05
tryst	2.56
tubal	2.56
tuber	2.64
tulip	3.18
tulle	2.62
tumor	3.97
tunic	3.08
turbo	3.74
tutor	3.67
twang	2.56
tweak	3.27
tweed	3.25
tween	2.84
tweet	4.17
twice	4.84
twine	2.93
twirl	2.69
twist	4.22
twixt	2.08
tying	3.68
udder	2.29
ulcer	3.03
ultra	4.23
umbra	2.39
uncle	4.45
uncut	3.25
under	5.73
undid	2.53
undue	3.29
unfed	1.63
unfit	3.52
unify	3.07
union	5.08
unite	3.90
unity	4.22
unlit	2.44
unmet	2.73
unset	1.82
untie	2.51
until	5.61
unwed	2.52
unzip	2.55
upper	4.72
upset	4.61
urban	4.65
urine	3.84
usage	4.23
usher	3.51
using	5.47
usual	4.62
usurp	2.70
utile	1.66
utter	3.85
vague	3.87
valet	3.17
valid	4.38
valor	3.23
value	5.15
valve	4.13
vapid	2.50
vapor	3.56
vault	3.90
vaunt	1.39
vegan	3.95
venom	3.57
venue	4.25
verge	3.67
verse	4.18
verso	2.72
verve	2.85
vicar	3.37
video	5.43
vigil	3.24
vigor	3.03
villa	4.20
vinyl	4.00
viola	3.54
viper	3.31
viral	4.08
virus	4.42
visit	5.04
visor	2.98
vista	3.71
vital	4.38
vivid	3.75
vixen	2.94
vocal	4.16
vodka	3.83
vogue	3.71
voice	5.07
voila	2.93
vomit	3.53
voter	4.11
vouch	3.13
vowel	3.33
vying	2.92
wacky	3.29
wafer	3.13
wager	3.43
wagon	3.90
waist	3.96
waive	3.24
waken	2.29
waltz	3.38
warty	2.08
waste	4.81
watch	5.34
water	5.52
waver	2.75
waxen	1.69
weary	3.61
weave	3.53
wedge	3.62
weedy	2.37
weigh	3.99
weird	4.81
welch	3.37
welsh	4.15
wench	2.67
whack	3.43
whale	3.98
wharf	3.48
wheat	4.01
wheel	4.50
whelp	2.49
where	6.00
which	6.30
whiff	3.22
while	5.86
whine	3.28
whiny	2.89
whirl	2.96
whisk	3.11
white	5.51
whole	5.46
whoop	3.20
whose	5.07
widen	3.25
wider	4.24
widow	4.08
width	4.02
wield	3.21
wight	3.23
willy	3.61
wimpy	2.76
wince	2.61
winch	3.04
windy	3.57
wiser	3.48
wispy	2.42
witch	4.11
witty	3.56
woken	3.37
woman	5.35
women	5.57
woody	3.82
wooer	1.18
wooly	2.49
woozy	2.40
wordy	2.56
world	5.89
worry	4.84
worse	4.89
worst	4.93
worth	5.16
would	6.27
wound	4.24
woven	3.56
wrack	2.21
wrath	3.70
wreak	2.94
wreck	3.96
wrest	2.63
wring	2.75
wrist	4.01
write	5.03
wrong	5.39
wrote	5.04
wrung	2.36
wryly	2.41
yacht	3.82
yearn	2.97
yeast	3.67
yield	4.16
young	5.43
youth	4.75
zebra	3.40
zesty	2.41
zonal	2.74
